﻿<?xml version="1.0" encoding="utf-8"?>
<feed xmlns="http://www.w3.org/2005/Atom"
      xmlns:inspire_dls="http://inspire.ec.europa.eu/schemas/inspire_dls/1.0"
      xmlns:georss="http://www.georss.org/georss"
      xmlns:opensearch="http://a9.com/-/spec/opensearch/1.1/">
<title>Boundary-Line</title>
<subtitle></subtitle>
<link href="http://www.ordnancesurvey.co.uk/oswebsite/xml/atom/BoundaryLine.xml" rel="self" />
<link rel="search" 
	      type="application/opensearchdescription+xml" 
	      href="http://www.ordnancesurvey.co.uk/oswebsite/xml/atom/opensearchdescription.xml" 
	      title="Content Search" />
<id>http://www.ordnancesurvey.co.uk/oswebsite/xml/atom/BoundaryLine.xml</id>
<rights>No limitations</rights>
<updated>2014-05-01T18:30:02Z</updated>
<author>
<name>Ordnance Survey</name>
<email>customerservices@ordnancesurvey.co.uk</email>
</author>

<entry>
<title>Boundary-Line</title>
<link href="https://www.ordnancesurvey.co.uk/opendatadownload/products.html"/>
<id>urn:uuid:c53b8970-2659-11e1-bfc2-1800200c9a65</id>
<rights>Use limitation please see OS licence</rights>
<updated>2014-05-01T12:00:00Z</updated>
<summary type="application/xhtml+xml">
   <div xmlns="http://www.w3.org/1999/xhtml">
        <p>May 2014 - An update for this product is now available</p>
   </div>
</summary>
<link rel="describedby" type="application/vnd.iso.19139+xml" href="http://www.ordnancesurvey.co.uk/oswebsite/xml/products/BoundaryLine.xml"/>
<link href="http://www.ordnancesurvey.co.uk/docs/user-guides/boundary-line-user-guide.pdf" rel="describedby" type="application/pdf"/>
<category term="http://www.opengis.net/def/crs/EPSG/0/27700" label="British National Grid"/>
<georss:polygon>49.86 -8.45, 49.86 1.78, 60.86 1.78, 60.86 -8.45, 49.86 -8.45</georss:polygon>   
<inspire_dls:spatial_dataset_identifier_code>Boundary-Line™</inspire_dls:spatial_dataset_identifier_code>      
<inspire_dls:spatial_dataset_identifier_namespace>ordnancesurvey.co.uk</inspire_dls:spatial_dataset_identifier_namespace>
</entry>

</feed>